hit_distance_sc,launch_speed,launch_angle
122.816,46.17791685292803,25
121.29599999999999,45.82029503799732,25
115.824,45.596781403665624,25
105.792,44.30040232454179,39
125.856,47.16137684398748,34
108.52799999999999,45.77559231113098,27
123.42399999999999,47.92132320071524,26
116.73599999999999,46.35672776039338,37
113.088,45.37326776933393,35
121.6,45.86499776486365,26
120.08,45.95440321859633,24
126.464,47.966025927581576,26
119.472,45.64148413053196,28
123.11999999999999,46.35672776039338,25
102.448,43.227536879749664,32
107.312,43.49575324094769,40
117.03999999999999,45.32856504246759,28
102.752,42.78050961108627,28
123.728,46.66964684845776,28
124.944,48.27894501564595,27
120.99199999999999,46.446133214126064,27
122.208,46.71434957532409,32
120.384,47.83191774698256,26
118.256,46.71434957532409,24
121.29599999999999,47.47429593205185,26
119.16799999999999,47.60840411265087,24
148.96,49.44121591417076,28
119.776,46.08851139919535,31
114.0,43.76396960214573,22
124.032,46.31202503352704,24
124.944,47.0719713902548,22
116.432,43.45105051408136,30
105.792,45.28386231560125,24
127.072,47.25078229772016,30
123.728,46.22261957979437,29
103.664,43.89807778274475,40
113.696,43.76396960214573,36
126.768,48.23424228877962,35
112.176,45.239159588734914,26
121.29599999999999,46.759052302190426,33
124.944,46.89316048278945,28
120.99199999999999,46.53553866785874,29
120.384,48.18953956191327,20
130.112,47.92132320071524,27
123.42399999999999,47.25078229772016,37
116.432,45.46267322306661,37
120.384,47.47429593205185,38
129.504,49.44121591417076,24
121.29599999999999,45.82029503799732,27
127.67999999999999,46.803755029056774,21
115.216,45.41797049620026,30
121.904,47.69780956638355,34
123.11999999999999,47.16137684398748,28
105.488,48.23424228877962,22
113.392,46.35672776039338,22
121.904,45.95440321859633,34
124.032,46.66964684845776,23
109.44,45.55207867679928,26
110.048,44.52391595887349,29
119.472,47.56370138578453,24
120.688,47.69780956638355,21
115.824,46.17791685292803,34
121.29599999999999,46.759052302190426,24
127.984,49.44121591417076,31
126.768,47.11667411712114,26
121.904,45.596781403665624,28
114.608,45.64148413053196,37
124.336,48.50245864997765,22
114.91199999999999,43.71926687527939,32
119.16799999999999,46.08851139919535,27
124.336,45.73088958426464,30
123.42399999999999,46.84845775592311,30
124.64,46.98256593652212,35
128.896,47.69780956638355,28
133.456,48.681269557443,26
118.256,45.95440321859633,27
118.86399999999999,44.792132320071524,35
120.688,44.032185963343764,25
109.744,44.434510505140814,25
115.216,47.11667411712114,20
119.16799999999999,45.46267322306661,33
121.6,47.16137684398748,35
128.288,48.18953956191327,30
129.808,47.74251229324989,27
115.824,49.4859186410371,24
118.256,49.44121591417076,38
105.488,48.010728654447924,20
111.568,46.22261957979437,39
115.216,45.46267322306661,32
125.24799999999999,45.64148413053196,31
114.304,46.17791685292803,23
109.136,44.25569959767546,26
121.29599999999999,47.92132320071524,29
128.59199999999998,46.40143048725972,27
138.928,50.64818953956191,24
120.08,47.83191774698256,35
121.6,47.34018775145284,27
129.808,48.59186410371033,26
119.776,47.51899865891819,31
126.464,46.71434957532409,22
115.216,43.00402324541797,31
120.08,45.95440321859633,32
124.336,48.681269557443,37
111.872,46.93786320965579,36
114.304,43.54045596781404,34
110.65599999999999,44.47921323200715,40
128.59199999999998,47.83191774698256,31
118.256,49.35181046043809,25
114.608,46.17791685292803,34
117.952,45.37326776933393,31
124.336,47.0719713902548,26
118.256,45.55207867679928,33
117.344,44.434510505140814,29
122.816,47.25078229772016,35
122.816,47.74251229324989,26
126.16,48.27894501564595,21
120.08,47.20607957085382,30
124.64,48.27894501564595,32
105.488,42.825212337952614,24
109.44,44.16629414394278,36
123.728,46.66964684845776,24
124.64,45.82029503799732,27
132.84799999999998,50.379973178363876,27
124.336,46.759052302190426,27
127.072,49.172999552972726,29
132.54399999999998,48.63656683057666,27
114.91199999999999,45.86499776486365,29
108.224,42.825212337952614,31
132.54399999999998,48.23424228877962,25
109.136,42.869915064818954,34
116.128,46.58024139472508,39
131.328,48.14483683504694,29
124.64,48.323647742512286,31
127.37599999999999,48.14483683504694,32
118.86399999999999,45.14975413500223,26
122.208,47.42959320518551,19
122.512,45.6861868573983,24
122.208,45.73088958426464,28
112.78399999999999,46.31202503352704,25
120.08,47.16137684398748,25
119.776,47.34018775145284,40
124.64,48.63656683057666,29
131.632,47.47429593205185,26
131.632,48.323647742512286,28
122.816,46.93786320965579,23
116.128,46.40143048725972,22
116.432,46.759052302190426,27
120.08,45.73088958426464,31
107.92,46.759052302190426,25
106.096,42.020563254358514,30
135.888,50.42467590523022,24
121.29599999999999,46.93786320965579,26
124.944,48.81537773804202,34
122.208,47.34018775145284,33
111.264,45.41797049620026,32
134.368,48.1001341081806,23
128.896,49.26240500670541,34
115.52,47.38489047831918,29
117.344,48.05543138131426,26
134.064,48.18953956191327,28
122.816,46.66964684845776,27
114.608,43.94278050961108,26
107.312,42.95932051855163,37
105.792,44.97094322753688,39
121.6,46.17791685292803,35
120.99199999999999,45.86499776486365,30
111.872,45.19445686186857,26
135.888,52.52570406794814,20
123.11999999999999,48.18953956191327,26
120.08,47.56370138578453,27
126.16,48.54716137684398,24
126.768,48.94948591864104,18
130.72,49.21770227983907,24
116.128,47.74251229324989,33
117.648,46.04380867232901,34
120.99199999999999,46.446133214126064,34
123.42399999999999,48.27894501564595,31
128.288,47.0719713902548,23
117.03999999999999,46.84845775592311,33
131.024,49.84354045596781,24
123.42399999999999,45.86499776486365,27
114.91199999999999,46.93786320965579,23
111.264,46.2673223066607,40
115.824,48.59186410371033,27
118.56,47.42959320518551,35
115.216,44.74742959320518,30
114.0,45.14975413500223,29
121.904,46.71434957532409,28
115.824,46.84845775592311,26
121.6,46.93786320965579,25
105.184,41.93115780062583,32
127.984,48.9047831917747,26
124.944,46.40143048725972,27
112.48,44.032185963343764,26
120.99199999999999,46.22261957979437,29
109.44,44.34510505140813,27
114.304,45.55207867679928,23
119.16799999999999,44.74742959320518,35
109.744,43.227536879749664,25
134.368,48.54716137684398,23
121.29599999999999,47.16137684398748,25
117.344,44.74742959320518,33
127.072,48.63656683057666,25
117.648,45.6861868573983,31
110.65599999999999,41.752346893160485,31
122.512,47.20607957085382,29
100.624,43.80867232901207,21
112.48,44.0768886902101,26
116.128,45.82029503799732,38
124.032,47.69780956638355,21
100.928,43.316942333482345,29
124.336,46.71434957532409,27
124.64,46.71434957532409,29
127.984,49.4859186410371,36
122.512,48.50245864997765,33
117.952,46.17791685292803,27
126.464,46.759052302190426,23
124.944,45.596781403665624,31
118.256,46.35672776039338,31
119.776,52.48100134108181,22
122.512,45.41797049620026,30
117.344,46.446133214126064,24
124.032,48.45775592311131,22
121.6,45.86499776486365,31
103.664,50.87170317389361,45
120.384,47.0719713902548,36
120.384,50.06705409029951,21
108.52799999999999,42.64640143048726,32
119.16799999999999,45.37326776933393,25
103.056,45.77559231113098,44
127.984,46.759052302190426,25
117.952,44.83683504693786,33
131.936,48.99418864550737,33
119.16799999999999,45.999105945462674,36
106.39999999999999,41.48413053196245,33
124.944,46.759052302190426,25
127.984,49.39651318730442,23
115.52,47.47429593205185,23
113.696,46.17791685292803,27
113.392,45.86499776486365,39
127.37599999999999,48.41305319624497,30
107.312,46.89316048278945,21
104.576,45.596781403665624,45
117.952,43.674564148413054,32
119.472,46.13321412606169,35
105.792,44.83683504693786,38
120.688,45.41797049620026,24
123.728,49.530621367903436,27
118.256,45.01564595440322,27
111.872,49.08359409924005,24
131.024,49.35181046043809,23
128.896,47.16137684398748,31
118.56,47.74251229324989,42
125.24799999999999,49.7094322753688,25
120.99199999999999,48.1001341081806,27
125.24799999999999,46.35672776039338,30
122.816,44.792132320071524,26
127.67999999999999,46.446133214126064,27
110.96,43.62986142154671,32
124.944,46.71434957532409,28
130.112,49.66472954850246,24
123.11999999999999,46.53553866785874,27
109.136,44.12159141707644,37
125.856,46.2673223066607,27
122.512,47.16137684398748,29
122.208,46.58024139472508,31
125.856,46.40143048725972,29
126.768,47.2954850245865,23
133.456,48.59186410371033,31
120.384,46.98256593652212,28
119.472,46.759052302190426,29
131.632,46.446133214126064,34
126.464,50.06705409029951,26
133.456,47.11667411712114,33
109.744,46.35672776039338,22
124.64,48.010728654447924,27
114.0,46.98256593652212,23
114.0,45.37326776933393,24
127.072,46.22261957979437,24
117.648,46.93786320965579,26
141.05599999999998,50.60348681269557,31
137.408,44.97094322753688,28
120.688,45.90970049172999,31
124.336,46.98256593652212,35
125.55199999999999,47.02726866338847,23
123.11999999999999,45.19445686186857,26
127.984,46.803755029056774,21
135.28,48.50245864997765,28
137.10399999999998,49.44121591417076,26
125.856,45.239159588734914,30
106.096,43.36164506034868,39
114.0,43.227536879749664,28
122.816,48.41305319624497,27
113.696,45.6861868573983,39
127.072,47.8766204738489,30
125.24799999999999,47.51899865891819,38
106.704,45.32856504246759,36
114.304,45.06034868126955,32
106.096,43.227536879749664,39
124.64,46.89316048278945,24
121.904,44.30040232454179,26
127.37599999999999,48.010728654447924,30
127.984,47.92132320071524,29
122.512,47.47429593205185,26
116.128,43.36164506034868,29
125.856,47.34018775145284,27
123.11999999999999,45.14975413500223,29
109.744,43.674564148413054,34
119.776,47.38489047831918,26
118.56,45.19445686186857,27
114.0,45.46267322306661,29
119.16799999999999,45.73088958426464,36
133.152,48.323647742512286,30
124.64,45.73088958426464,31
131.936,48.45775592311131,25
129.504,48.72597228430934,33
131.328,47.34018775145284,25
109.44,42.78050961108627,39
126.768,46.66964684845776,33
109.744,45.41797049620026,22
119.776,48.63656683057666,25
127.984,47.51899865891819,31
124.64,46.759052302190426,33
126.768,47.0719713902548,23
126.464,46.53553866785874,33
113.696,42.51229324988824,35
112.78399999999999,48.50245864997765,22
134.976,50.11175681716584,29
109.44,44.34510505140813,32
131.328,49.172999552972726,32
134.672,48.681269557443,24
125.24799999999999,44.56861868573983,32
116.73599999999999,45.82029503799732,34
122.816,46.4908359409924,34
131.632,49.35181046043809,20
120.384,46.35672776039338,27
126.16,47.42959320518551,25
129.504,48.94948591864104,35
116.128,46.40143048725972,38
117.952,46.71434957532409,26
114.91199999999999,44.47921323200715,24
117.648,45.64148413053196,25
122.208,46.71434957532409,35
131.936,48.27894501564595,26
123.728,47.65310683951721,23
112.78399999999999,45.77559231113098,42
123.11999999999999,46.446133214126064,29
117.648,49.977648636566826,25
110.65599999999999,47.0719713902548,41
119.776,45.90970049172999,25
128.288,49.12829682610639,37
111.568,43.227536879749664,30
120.384,45.06034868126955,33
133.76,50.5140813589629,22
127.072,50.335270451497536,22
102.448,45.28386231560125,25
133.76,48.27894501564595,30
118.256,44.21099687080912,31
125.856,46.803755029056774,31
123.11999999999999,45.95440321859633,32
103.664,45.37326776933393,20
118.256,44.61332141260617,33
110.048,48.45775592311131,23
118.86399999999999,47.51899865891819,23
123.11999999999999,46.31202503352704,31
106.704,43.18283415288332,35
129.2,45.95440321859633,30
114.608,47.47429593205185,32
130.112,49.44121591417076,32
117.344,44.792132320071524,25
129.808,48.45775592311131,33
117.03999999999999,46.13321412606169,25
124.944,45.14975413500223,33
111.568,44.70272686633884,34
111.872,42.73580688421993,30
108.52799999999999,42.422887796155564,30
127.072,46.40143048725972,29
115.824,47.56370138578453,31
105.488,47.65310683951721,20
123.11999999999999,48.72597228430934,22
132.24,48.18953956191327,23
110.96,47.83191774698256,24
124.944,45.86499776486365,30
99.712,43.76396960214573,25
114.304,47.92132320071524,26
119.472,46.89316048278945,30
114.91199999999999,49.30710773357175,20
121.29599999999999,48.323647742512286,20
124.032,46.89316048278945,33
110.352,42.33348234242289,28
120.384,44.792132320071524,27
109.136,44.032185963343764,28
121.6,44.65802413947251,32
117.952,47.8766204738489,24
130.72,48.27894501564595,23
120.384,45.6861868573983,29
122.512,45.90970049172999,28
117.344,45.55207867679928,32
120.99199999999999,47.69780956638355,38
107.92,45.6861868573983,25
127.984,46.446133214126064,27
130.416,49.44121591417076,21
122.816,46.4908359409924,24
122.512,47.16137684398748,20
114.304,44.47921323200715,33
133.76,48.81537773804202,25
112.176,43.674564148413054,34
132.84799999999998,47.51899865891819,24
115.52,45.64148413053196,26
127.072,45.239159588734914,28
133.152,47.2954850245865,29
127.67999999999999,47.69780956638355,33
127.37599999999999,48.86008046490836,23
127.67999999999999,47.02726866338847,28
116.432,46.89316048278945,28
116.73599999999999,44.56861868573983,36
112.78399999999999,43.94278050961108,38
110.96,43.18283415288332,26
124.64,46.35672776039338,35
120.08,46.35672776039338,42
117.344,45.73088958426464,26
119.776,44.97094322753688,31
122.816,44.74742959320518,30
128.288,46.13321412606169,32
127.984,47.25078229772016,24
115.52,44.52391595887349,32
129.808,47.38489047831918,26
116.432,45.19445686186857,28
121.6,48.681269557443,27
136.192,48.50245864997765,27
124.64,52.749217702279836,16
108.52799999999999,47.2954850245865,21
125.55199999999999,46.66964684845776,32
114.608,45.32856504246759,38
116.73599999999999,45.77559231113098,33
123.42399999999999,46.98256593652212,26
123.728,46.04380867232901,27
124.336,47.38489047831918,33
131.328,47.65310683951721,29
125.55199999999999,47.0719713902548,27
115.216,45.64148413053196,27
124.944,46.93786320965579,28
128.896,50.24586499776486,30
128.896,47.42959320518551,28
129.2,48.41305319624497,23
130.72,49.888243182834145,24
112.78399999999999,43.674564148413054,37
130.72,48.27894501564595,31
124.336,47.02726866338847,28
130.72,45.55207867679928,29
108.52799999999999,46.759052302190426,26
116.128,45.77559231113098,24
132.84799999999998,50.55878408582923,27
120.99199999999999,47.16137684398748,24
124.336,47.20607957085382,31
123.728,45.239159588734914,30
132.84799999999998,49.26240500670541,33
124.64,44.65802413947251,25
124.032,44.74742959320518,29
125.55199999999999,48.72597228430934,30
122.208,46.4908359409924,21
118.256,45.596781403665624,29
119.16799999999999,46.93786320965579,24
111.872,48.41305319624497,41
124.64,46.98256593652212,27
120.688,46.35672776039338,33
128.59199999999998,47.42959320518551,29
125.24799999999999,45.77559231113098,31
118.256,46.4908359409924,20
122.512,46.803755029056774,24
110.65599999999999,42.869915064818954,35
118.56,49.39651318730442,25
129.504,46.93786320965579,28
118.86399999999999,46.98256593652212,39
128.288,48.72597228430934,25
122.816,47.60840411265087,28
125.55199999999999,46.22261957979437,27
111.872,42.33348234242289,27
119.472,45.64148413053196,23
125.856,49.888243182834145,35
124.944,46.31202503352704,30
134.672,49.30710773357175,30
124.64,47.74251229324989,25
136.79999999999998,50.2905677246312,26
123.728,45.999105945462674,24
115.52,48.59186410371033,18
127.67999999999999,46.66964684845776,27
127.984,47.25078229772016,31
122.816,46.04380867232901,37
111.568,46.22261957979437,40
119.16799999999999,47.51899865891819,25
115.216,44.70272686633884,29
127.67999999999999,48.59186410371033,35
110.96,43.71926687527939,34
113.088,45.37326776933393,33
117.952,45.28386231560125,31
119.776,45.28386231560125,21
124.64,49.21770227983907,22
108.832,42.60169870362092,37
117.952,45.239159588734914,25
110.65599999999999,48.14483683504694,18
108.832,45.86499776486365,38
127.072,46.4908359409924,29
120.688,45.46267322306661,34
117.03999999999999,46.31202503352704,23
125.856,46.89316048278945,33
119.472,45.32856504246759,40
131.328,49.93294590970049,22
121.6,45.95440321859633,24
124.944,45.239159588734914,28
117.03999999999999,46.31202503352704,25
105.792,43.674564148413054,37
127.37599999999999,47.2954850245865,30
121.904,45.06034868126955,26
116.73599999999999,44.881537773804205,37
110.048,41.79704962002682,32
129.808,48.681269557443,30
116.73599999999999,48.05543138131426,44
125.55199999999999,47.20607957085382,28
129.504,47.16137684398748,29
127.984,48.45775592311131,23
111.264,44.34510505140813,34
116.128,45.50737594993294,35
127.984,47.83191774698256,28
134.368,50.20116227089852,31
124.336,46.53553866785874,32
121.904,46.446133214126064,34
115.52,47.51899865891819,24
114.91199999999999,44.434510505140814,37
112.78399999999999,45.41797049620026,36
115.216,44.65802413947251,27
130.416,50.24586499776486,31
120.688,46.13321412606169,32
141.05599999999998,51.36343316942334,23
124.032,47.8766204738489,35
128.288,47.966025927581576,27
124.336,47.34018775145284,30
122.816,47.16137684398748,24
133.456,49.93294590970049,27
130.72,48.1001341081806,25
113.696,43.76396960214573,25
118.86399999999999,45.90970049172999,23
142.272,47.02726866338847,30
125.24799999999999,47.02726866338847,28
124.64,49.35181046043809,19
129.808,48.9047831917747,27
131.024,48.59186410371033,27
121.29599999999999,45.82029503799732,26
121.6,50.335270451497536,22
122.512,47.34018775145284,26
116.432,43.94278050961108,37
129.808,47.51899865891819,36
121.904,45.86499776486365,22
119.16799999999999,47.34018775145284,27
118.86399999999999,46.66964684845776,35
122.208,45.73088958426464,30
117.344,47.966025927581576,18
118.56,44.70272686633884,28
117.03999999999999,45.28386231560125,34
131.936,49.39651318730442,31
114.91199999999999,45.596781403665624,24
130.416,46.89316048278945,28
112.48,45.73088958426464,24
116.128,47.34018775145284,36
122.512,45.95440321859633,23
116.432,45.6861868573983,32
124.64,46.40143048725972,24
117.952,46.08851139919535,22
120.99199999999999,46.98256593652212,29
114.0,42.78050961108627,31
124.944,46.66964684845776,29
116.128,44.70272686633884,31
124.336,46.66964684845776,29
116.73599999999999,44.38980777827447,28
118.56,47.2954850245865,20
107.008,43.94278050961108,43
131.936,49.21770227983907,25
126.768,48.94948591864104,32
127.67999999999999,46.53553866785874,27
128.59199999999998,48.86008046490836,19
120.384,47.966025927581576,29
120.08,46.84845775592311,24
127.984,47.47429593205185,34
110.96,43.80867232901207,25
116.128,45.73088958426464,28
121.6,44.881537773804205,37
114.304,44.83683504693786,29
125.856,49.888243182834145,22
117.344,46.62494412159141,21
127.072,46.08851139919535,33
127.67999999999999,48.23424228877962,34
128.896,46.4908359409924,28
122.816,48.770675011175676,22
118.86399999999999,49.03889137237371,22
129.2,48.59186410371033,30
137.408,49.30710773357175,23
109.744,43.54045596781404,33
123.728,46.803755029056774,28
135.28,47.83191774698256,34
129.504,48.14483683504694,31
141.35999999999999,47.74251229324989,30
120.08,46.71434957532409,31
123.11999999999999,45.999105945462674,30
114.608,47.966025927581576,22
130.72,46.2673223066607,27
120.08,48.14483683504694,22
107.92,44.74742959320518,39
113.392,47.8766204738489,20
107.008,46.71434957532409,24
128.59199999999998,48.14483683504694,25
117.344,45.19445686186857,25
120.99199999999999,47.65310683951721,28
125.55199999999999,47.0719713902548,24
129.808,45.999105945462674,25
125.55199999999999,47.47429593205185,29
126.16,46.98256593652212,27
114.91199999999999,42.64640143048726,36
125.24799999999999,49.03889137237371,20
114.304,44.0768886902101,34
123.42399999999999,46.759052302190426,26
120.99199999999999,44.792132320071524,30
116.73599999999999,47.25078229772016,22
119.472,47.25078229772016,38
110.352,43.94278050961108,38
117.03999999999999,45.239159588734914,26
124.032,47.966025927581576,24
116.73599999999999,45.239159588734914,22
108.832,43.36164506034868,34
100.928,43.71926687527939,30
111.264,47.38489047831918,21
117.03999999999999,44.92624050067054,27
116.432,49.03889137237371,24
109.44,45.82029503799732,40
126.16,46.759052302190426,37
120.08,46.40143048725972,33
119.776,45.95440321859633,34
112.48,48.681269557443,25
111.264,43.76396960214573,30
129.2,47.25078229772016,25
134.368,46.93786320965579,33
117.03999999999999,47.69780956638355,22
110.65599999999999,43.49575324094769,29
124.64,46.2673223066607,25
122.512,46.17791685292803,30
124.944,48.54716137684398,26
115.824,42.91461779168529,32
119.776,47.92132320071524,34
113.696,46.04380867232901,30
123.728,49.888243182834145,37
130.72,47.56370138578453,26
133.152,48.770675011175676,33
119.472,46.13321412606169,29
113.696,44.38980777827447,30
110.352,43.45105051408136,29
134.672,50.24586499776486,28
130.112,49.4859186410371,26
115.824,45.64148413053196,22
119.472,45.95440321859633,27
118.86399999999999,45.06034868126955,33
120.08,45.90970049172999,27
117.648,46.13321412606169,29
120.08,42.64640143048726,28
118.256,44.92624050067054,35
127.984,48.50245864997765,28
110.65599999999999,46.04380867232901,22
128.288,47.69780956638355,26
110.352,45.239159588734914,41
116.73599999999999,45.06034868126955,31
126.464,48.1001341081806,30
114.608,45.50737594993294,26
128.59199999999998,45.46267322306661,28
122.208,47.0719713902548,27
118.86399999999999,45.90970049172999,24
118.86399999999999,45.596781403665624,29
119.776,44.25569959767546,31
120.688,44.0768886902101,30
123.728,46.446133214126064,32
126.768,46.04380867232901,26
122.512,48.72597228430934,21
128.59199999999998,49.7094322753688,22
118.56,47.2954850245865,37
124.336,46.759052302190426,29
124.032,48.1001341081806,32
117.03999999999999,47.0719713902548,31
110.96,46.31202503352704,37
116.128,45.6861868573983,33
129.504,48.1001341081806,25
116.73599999999999,45.41797049620026,27
111.568,45.06034868126955,23
115.216,48.86008046490836,18
123.42399999999999,46.66964684845776,29
117.648,45.37326776933393,33
125.24799999999999,47.966025927581576,33
107.008,42.825212337952614,42
117.344,43.94278050961108,29
122.208,46.71434957532409,25
131.632,48.94948591864104,27
114.91199999999999,47.2954850245865,22
118.86399999999999,45.999105945462674,34
124.944,46.22261957979437,29
124.64,47.78721502011623,33
119.16799999999999,44.0768886902101,26
118.86399999999999,47.42959320518551,28
117.952,44.92624050067054,31
107.92,44.25569959767546,26
116.128,45.01564595440322,32
116.128,45.41797049620026,23
114.91199999999999,45.28386231560125,28
120.688,44.21099687080912,26
123.42399999999999,48.1001341081806,29
124.032,48.1001341081806,24
112.176,47.966025927581576,22
124.64,47.25078229772016,35
117.648,46.40143048725972,28
122.512,47.16137684398748,25
105.792,42.37818506928922,34
132.24,48.18953956191327,24
117.648,45.90970049172999,30
121.6,45.999105945462674,28
110.048,46.04380867232901,40
122.208,52.391595887349126,17
111.872,45.50737594993294,27
119.16799999999999,46.62494412159141,30
115.52,47.38489047831918,21
124.032,46.40143048725972,30
118.256,44.92624050067054,27
122.208,45.239159588734914,34
124.944,47.42959320518551,28
111.872,46.53553866785874,23
132.24,47.92132320071524,25
138.928,49.21770227983907,25
127.072,49.7094322753688,23
130.112,48.27894501564595,33
128.59199999999998,48.010728654447924,35
118.56,45.50737594993294,26
125.24799999999999,47.02726866338847,30
122.512,48.54716137684398,25
121.904,46.98256593652212,25
109.744,45.596781403665624,43
121.6,47.11667411712114,35
125.24799999999999,48.23424228877962,19
107.616,42.06526598122485,29
109.744,44.21099687080912,37
123.728,48.05543138131426,22
113.392,42.37818506928922,32
120.08,47.47429593205185,23
129.2,46.759052302190426,29
122.816,49.30710773357175,33
125.24799999999999,47.25078229772016,32
130.72,50.5140813589629,20
129.2,47.20607957085382,25
120.384,46.13321412606169,32
105.488,43.18283415288332,32
117.952,46.35672776039338,19
120.384,49.12829682610639,38
112.48,44.21099687080912,29
112.78399999999999,44.792132320071524,29
117.648,47.02726866338847,22
116.128,46.13321412606169,27
119.776,45.55207867679928,26
126.768,46.53553866785874,27
141.968,49.79883772910148,30
115.52,46.04380867232901,28
110.048,44.25569959767546,30
123.42399999999999,51.6763522574877,21
119.16799999999999,45.32856504246759,22
127.67999999999999,48.323647742512286,28
103.968,42.60169870362092,40
117.952,45.50737594993294,36
108.224,44.032185963343764,25
130.416,49.4859186410371,25
140.144,49.08359409924005,22
119.472,48.72597228430934,22
115.52,43.54045596781404,29
117.648,43.62986142154671,30
110.96,43.89807778274475,38
120.688,45.28386231560125,27
117.03999999999999,44.83683504693786,26
115.216,45.73088958426464,26
105.488,42.422887796155564,28
120.99199999999999,44.34510505140813,29
132.54399999999998,47.02726866338847,27
114.91199999999999,43.54045596781404,27
127.072,45.999105945462674,30
132.24,48.323647742512286,29
135.28,49.4859186410371,32
120.688,46.446133214126064,27
117.952,45.86499776486365,41
115.52,48.27894501564595,33
111.568,43.36164506034868,29
120.688,45.596781403665624,24
118.86399999999999,46.53553866785874,20
127.072,46.89316048278945,29
135.584,49.66472954850246,39
134.976,48.86008046490836,26
120.384,45.32856504246759,35
117.648,45.55207867679928,23
126.16,45.90970049172999,30
121.29599999999999,46.446133214126064,31
137.10399999999998,46.759052302190426,31
125.55199999999999,47.78721502011623,25
112.176,47.02726866338847,24
130.112,46.98256593652212,25
127.37599999999999,46.803755029056774,25
131.632,49.39651318730442,24
117.648,48.010728654447924,23
121.29599999999999,47.60840411265087,27
114.608,45.999105945462674,27
119.776,44.21099687080912,27
153.216,49.172999552972726,37
117.952,41.79704962002682,31
109.44,42.73580688421993,35
124.64,45.50737594993294,28
106.39999999999999,45.95440321859633,23
114.304,44.97094322753688,30
114.0,44.65802413947251,38
120.688,46.446133214126064,35
122.512,46.31202503352704,31
120.688,45.55207867679928,29
122.816,44.83683504693786,27
124.032,45.95440321859633,35
114.304,46.66964684845776,20
111.264,42.37818506928922,39
110.65599999999999,41.57353598569512,30
122.816,44.70272686633884,27
117.648,46.4908359409924,22
134.976,47.83191774698256,27
120.688,47.47429593205185,38
119.776,44.56861868573983,31
111.568,45.596781403665624,24
124.336,47.2954850245865,25
120.08,45.1050514081359,28
115.824,44.83683504693786,28
127.984,47.2954850245865,38
129.2,49.79883772910148,34
128.59199999999998,48.1001341081806,31
121.6,47.2954850245865,30
124.032,45.77559231113098,26
107.616,46.35672776039338,40
131.936,47.16137684398748,27
124.032,48.18953956191327,24
118.256,47.2954850245865,41
116.73599999999999,45.77559231113098,30
118.86399999999999,48.18953956191327,28
113.696,45.64148413053196,28
121.6,47.34018775145284,30
115.824,45.999105945462674,42
120.99199999999999,43.62986142154671,33
114.91199999999999,47.34018775145284,36
133.152,50.5140813589629,31
124.944,46.446133214126064,28
102.14399999999999,42.19937416182387,34
123.42399999999999,46.31202503352704,31
122.512,45.999105945462674,35
122.208,43.36164506034868,33
112.48,44.792132320071524,32
104.88,46.31202503352704,24
128.896,48.50245864997765,35
131.632,46.66964684845776,27
123.728,45.95440321859633,32
116.432,47.42959320518551,25
112.176,44.792132320071524,27
119.472,45.73088958426464,30
124.032,44.83683504693786,29
134.976,48.14483683504694,25
119.472,43.71926687527939,30
121.904,44.83683504693786,34
117.344,43.89807778274475,29
119.472,45.14975413500223,26
118.56,48.54716137684398,34
105.488,44.16629414394278,32
126.768,48.05543138131426,25
128.288,47.83191774698256,24
111.872,45.86499776486365,41
114.0,44.25569959767546,26
113.088,43.674564148413054,40
111.264,44.881537773804205,23
125.55199999999999,47.02726866338847,26
122.512,46.2673223066607,24
113.696,45.06034868126955,26
126.768,45.19445686186857,31
119.776,45.01564595440322,28
107.616,47.83191774698256,47
116.432,45.77559231113098,27
114.304,46.446133214126064,28
103.968,42.64640143048726,36
122.816,48.05543138131426,19
111.264,44.97094322753688,24
123.11999999999999,46.4908359409924,32
124.64,46.93786320965579,24
114.91199999999999,44.881537773804205,28
113.696,43.40634778721502,40
112.78399999999999,43.227536879749664,36
119.16799999999999,43.13813142601698,26
112.48,43.04872597228431,29
130.416,47.83191774698256,25
116.432,46.22261957979437,29
133.76,45.999105945462674,31
124.032,46.31202503352704,32
117.648,46.89316048278945,25
127.984,47.38489047831918,31
128.288,43.80867232901207,31
138.928,48.99418864550737,29
120.99199999999999,45.06034868126955,32
127.37599999999999,46.98256593652212,27
119.16799999999999,45.14975413500223,27
124.944,45.999105945462674,27
128.288,50.69289226642825,23
115.52,45.64148413053196,31
151.696,49.12829682610639,35
125.856,48.81537773804202,22
109.744,45.37326776933393,28
121.6,47.20607957085382,37
121.6,47.02726866338847,28
127.984,47.51899865891819,26
126.464,49.62002682163612,27
143.792,51.452838623156005,30
122.512,45.06034868126955,31
127.67999999999999,49.26240500670541,19
116.128,49.79883772910148,19
121.29599999999999,45.32856504246759,29
125.24799999999999,47.2954850245865,36
130.416,46.04380867232901,27
107.92,43.8533750558784,28
110.65599999999999,43.36164506034868,37
112.48,46.2673223066607,26
115.52,45.55207867679928,25
115.52,45.32856504246759,37
116.432,45.50737594993294,24
126.16,47.2954850245865,38
125.24799999999999,46.84845775592311,32
124.944,49.12829682610639,32
120.08,47.2954850245865,30
125.856,47.20607957085382,34
127.37599999999999,47.8766204738489,26
116.73599999999999,44.47921323200715,36
121.6,44.97094322753688,41
111.872,47.60840411265087,23
107.92,46.84845775592311,42
125.55199999999999,45.37326776933393,36
117.952,46.446133214126064,29
122.816,48.99418864550737,34
112.48,44.25569959767546,36
125.24799999999999,48.9047831917747,29
126.464,48.54716137684398,31
113.392,45.06034868126955,41
120.688,48.59186410371033,18
114.0,44.56861868573983,30
129.808,51.76575771122038,16
119.472,46.40143048725972,35
118.256,46.98256593652212,27
118.56,43.98748323647742,31
103.968,45.239159588734914,44
130.112,48.45775592311131,27
110.352,46.4908359409924,23
123.728,49.03889137237371,24
115.824,45.82029503799732,26
120.99199999999999,45.06034868126955,35
117.03999999999999,43.89807778274475,26
122.816,47.0719713902548,29
120.688,46.84845775592311,36
128.59199999999998,46.98256593652212,33
111.872,46.04380867232901,39
135.888,47.78721502011623,25
124.336,45.1050514081359,32
116.128,45.55207867679928,27
128.896,47.51899865891819,32
128.59199999999998,46.98256593652212,25
118.256,43.62986142154671,27
126.768,49.62002682163612,24
130.416,47.25078229772016,32
130.416,46.66964684845776,27
136.79999999999998,51.542244076888686,30
123.728,45.14975413500223,30
127.072,46.04380867232901,24
124.944,45.73088958426464,27
112.48,42.51229324988824,33
116.73599999999999,44.70272686633884,36
126.464,47.56370138578453,20
125.24799999999999,47.47429593205185,29
114.0,45.41797049620026,28
133.456,49.84354045596781,28
123.42399999999999,47.69780956638355,23
128.59199999999998,46.66964684845776,31
118.86399999999999,46.84845775592311,22
127.072,48.36835046937863,29
120.99199999999999,46.22261957979437,35
131.328,48.681269557443,24
124.944,46.08851139919535,32
110.048,44.21099687080912,33
113.088,42.28877961555654,33
126.16,48.23424228877962,35
115.216,43.54045596781404,32
107.008,47.56370138578453,18
129.808,46.93786320965579,27
114.0,46.66964684845776,21
124.944,46.53553866785874,28
129.2,48.681269557443,26
124.944,46.04380867232901,33
130.112,47.42959320518551,29
116.432,46.08851139919535,38
107.008,43.40634778721502,40
124.944,48.323647742512286,25
121.6,45.239159588734914,30
130.112,46.2673223066607,28
119.16799999999999,46.2673223066607,26
112.48,45.55207867679928,29
132.54399999999998,50.2905677246312,21
114.0,47.2954850245865,36
128.896,48.41305319624497,30
121.904,46.62494412159141,29
115.216,44.47921323200715,28
123.728,45.95440321859633,29
124.336,46.40143048725972,34
108.224,47.42959320518551,17
126.16,48.14483683504694,29
124.336,48.50245864997765,19
122.208,47.966025927581576,23
133.456,48.63656683057666,28
124.64,46.446133214126064,27
115.824,46.759052302190426,20
124.64,45.46267322306661,29
111.264,50.91640590075995,21
108.224,44.881537773804205,34
111.264,47.02726866338847,42
128.896,48.14483683504694,28
123.11999999999999,47.69780956638355,36
120.384,45.37326776933393,29
125.24799999999999,46.4908359409924,32
124.336,46.4908359409924,32
104.88,42.55699597675458,39
115.52,45.86499776486365,43
128.288,47.74251229324989,28
124.032,46.13321412606169,23
132.84799999999998,49.12829682610639,25
125.856,48.1001341081806,25
115.216,46.93786320965579,28
115.52,43.49575324094769,30
116.128,43.09342869915065,27
123.728,49.39651318730442,35
119.472,46.2673223066607,31
118.256,45.90970049172999,34
106.096,44.47921323200715,31
123.42399999999999,45.596781403665624,29
120.99199999999999,48.81537773804202,22
112.78399999999999,44.12159141707644,26
114.608,43.227536879749664,32
118.256,46.71434957532409,26
134.976,49.79883772910148,34
124.336,47.74251229324989,33
130.72,47.20607957085382,29
129.808,47.966025927581576,24
130.416,47.8766204738489,24
126.16,47.42959320518551,24
120.688,45.95440321859633,32
119.776,47.60840411265087,24
123.42399999999999,46.62494412159141,35
110.048,44.30040232454179,29
119.16799999999999,50.5140813589629,14
118.86399999999999,46.66964684845776,22
114.608,44.032185963343764,30
134.064,48.05543138131426,27
116.432,46.4908359409924,23
124.944,47.83191774698256,32
115.824,45.77559231113098,34
141.968,49.44121591417076,34
107.312,45.95440321859633,34
116.128,47.60840411265087,38
118.86399999999999,46.08851139919535,36
116.432,47.47429593205185,24
121.29599999999999,46.13321412606169,25
122.816,45.01564595440322,31
120.384,45.82029503799732,32
122.512,46.89316048278945,24
109.744,42.78050961108627,27
114.91199999999999,48.05543138131426,36
121.6,48.18953956191327,39
127.37599999999999,47.11667411712114,31
124.64,47.78721502011623,35
128.59199999999998,47.16137684398748,30
115.216,44.34510505140813,36
114.0,47.11667411712114,26
127.67999999999999,48.99418864550737,23
121.29599999999999,47.34018775145284,31
113.088,45.28386231560125,33
121.29599999999999,45.73088958426464,23
120.99199999999999,46.93786320965579,27
117.952,45.1050514081359,24
116.73599999999999,44.0768886902101,32
129.808,47.966025927581576,30
117.648,45.32856504246759,27
131.632,48.18953956191327,24
127.67999999999999,47.69780956638355,23
120.99199999999999,46.84845775592311,23
121.6,47.02726866338847,37
132.84799999999998,46.58024139472508,31
133.152,47.966025927581576,25
117.03999999999999,45.73088958426464,27
124.336,46.803755029056774,34
120.688,47.0719713902548,24
113.392,44.56861868573983,21
117.648,46.62494412159141,39
126.768,47.0719713902548,33
118.256,47.25078229772016,25
115.216,47.47429593205185,26
118.56,45.01564595440322,29
126.464,49.888243182834145,37
131.936,46.759052302190426,28
108.832,47.25078229772016,24
126.464,48.323647742512286,28
131.936,48.1001341081806,28
105.184,43.62986142154671,27
133.456,49.79883772910148,22
119.16799999999999,44.792132320071524,29
128.288,46.58024139472508,28
129.2,47.83191774698256,29
129.808,48.010728654447924,29
132.84799999999998,52.52570406794814,21
118.256,46.62494412159141,33
120.99199999999999,45.90970049172999,28
131.328,47.2954850245865,29
131.024,48.1001341081806,28
114.608,44.434510505140814,33
127.67999999999999,47.38489047831918,32
120.08,46.759052302190426,28
124.944,45.95440321859633,34
126.16,47.69780956638355,27
125.856,47.16137684398748,28
112.176,43.8533750558784,25
110.352,43.8533750558784,36
131.936,49.66472954850246,34
128.59199999999998,48.323647742512286,36
115.216,47.51899865891819,21
118.56,47.69780956638355,21
120.384,46.4908359409924,32
115.52,45.6861868573983,26
122.512,48.50245864997765,25
125.856,49.12829682610639,22
110.352,43.58515869468037,25
117.344,43.18283415288332,39
123.728,45.41797049620026,27
130.416,48.81537773804202,20
127.37599999999999,47.16137684398748,27
120.99199999999999,46.66964684845776,31
107.92,44.34510505140813,26
117.648,45.32856504246759,25
110.96,44.25569959767546,33
107.92,44.21099687080912,39
121.29599999999999,46.62494412159141,29
118.56,45.01564595440322,26
126.464,48.23424228877962,33
110.65599999999999,41.93115780062583,33
124.64,47.60840411265087,26
119.776,43.58515869468037,29
122.512,50.20116227089852,21
111.264,47.92132320071524,22
117.344,44.61332141260617,26
125.55199999999999,50.02235136343317,30
128.59199999999998,45.46267322306661,30
130.416,47.2954850245865,34
124.336,47.25078229772016,25
107.616,41.79704962002682,29
131.328,47.65310683951721,29
126.16,48.41305319624497,25
115.824,46.04380867232901,31
106.39999999999999,42.6911041573536,41
124.336,45.596781403665624,25
123.728,49.26240500670541,22
126.768,47.25078229772016,22
124.032,45.28386231560125,31
100.928,43.49575324094769,44
119.472,46.98256593652212,35
108.52799999999999,46.98256593652212,29
127.072,47.0719713902548,27
124.64,45.32856504246759,28
126.464,48.14483683504694,21
129.2,50.11175681716584,21
124.032,47.20607957085382,31
121.29599999999999,46.66964684845776,24
127.072,46.22261957979437,28
120.688,44.83683504693786,26
120.688,45.86499776486365,31
126.16,47.69780956638355,23
119.776,45.82029503799732,30
122.208,46.40143048725972,28
111.264,46.4908359409924,25
125.55199999999999,45.86499776486365,23
108.832,45.32856504246759,39
124.944,47.38489047831918,24
115.824,45.82029503799732,36
130.112,48.323647742512286,28
122.816,47.966025927581576,24
123.11999999999999,47.69780956638355,23
116.432,46.40143048725972,29
109.44,45.14975413500223,23
123.11999999999999,48.50245864997765,29
120.08,46.22261957979437,22
130.112,46.84845775592311,26
121.29599999999999,45.37326776933393,34
105.184,42.06526598122485,31
123.728,45.28386231560125,36
119.472,44.52391595887349,26
131.632,47.20607957085382,32
109.136,43.76396960214573,30
114.304,44.25569959767546,27
118.56,46.66964684845776,38
120.688,46.84845775592311,34
120.99199999999999,45.19445686186857,27
117.952,46.803755029056774,39
110.96,43.272239606616,40
129.808,48.72597228430934,31
111.872,46.31202503352704,24
118.256,45.82029503799732,32
117.648,45.01564595440322,40
109.136,43.76396960214573,30
118.86399999999999,46.84845775592311,24
114.608,45.28386231560125,27
124.64,48.45775592311131,22
108.224,43.94278050961108,34
114.304,48.18953956191327,37
125.24799999999999,48.54716137684398,23
120.99199999999999,50.15645954403219,32
118.256,46.53553866785874,24
131.024,47.78721502011623,28
118.256,44.30040232454179,27
117.344,44.74742959320518,33
118.256,46.93786320965579,39
124.944,49.30710773357175,27
136.496,48.94948591864104,26
131.632,49.530621367903436,22
129.504,46.62494412159141,27
114.91199999999999,43.80867232901207,31
124.032,45.55207867679928,31
112.176,43.36164506034868,31
124.944,48.59186410371033,21
115.52,45.77559231113098,35
113.392,44.12159141707644,29
110.352,41.12650871703174,36
123.42399999999999,46.93786320965579,37
118.56,46.62494412159141,25
123.11999999999999,47.56370138578453,23
111.872,44.47921323200715,35
124.944,46.66964684845776,30
127.37599999999999,47.74251229324989,34
132.54399999999998,48.36835046937863,31
124.336,47.69780956638355,32
128.288,47.0719713902548,26
118.86399999999999,44.0768886902101,32
137.10399999999998,49.35181046043809,26
109.744,42.37818506928922,33
118.56,45.41797049620026,35
130.112,48.50245864997765,23
122.816,45.14975413500223,26
113.696,47.74251229324989,21
111.872,47.966025927581576,22
122.512,48.59186410371033,26
117.952,48.41305319624497,21
118.86399999999999,45.596781403665624,26
113.696,43.58515869468037,34
115.824,47.56370138578453,38
117.648,44.38980777827447,32
119.776,46.04380867232901,32
112.176,46.89316048278945,27
122.512,49.03889137237371,26
123.728,46.62494412159141,21
117.648,45.32856504246759,22
106.39999999999999,44.12159141707644,31
134.672,48.05543138131426,35
124.64,46.22261957979437,29
107.008,43.58515869468037,31
138.624,48.23424228877962,28
121.6,45.37326776933393,27
118.56,43.272239606616,30
117.03999999999999,43.94278050961108,28
130.72,49.530621367903436,23
132.84799999999998,48.41305319624497,21
123.42399999999999,48.010728654447924,26
112.78399999999999,45.50737594993294,41
112.78399999999999,43.8533750558784,33
111.568,42.825212337952614,26
115.216,44.74742959320518,31
123.42399999999999,50.5140813589629,24
120.688,45.37326776933393,30
127.67999999999999,50.379973178363876,35
121.6,46.31202503352704,31
124.64,46.803755029056774,27
117.952,44.70272686633884,28
130.416,48.27894501564595,33
124.336,48.50245864997765,22
120.384,47.42959320518551,31
117.03999999999999,48.63656683057666,23
119.16799999999999,45.41797049620026,29
130.416,50.379973178363876,32
120.688,46.35672776039338,29
137.712,51.81046043808672,26
128.59199999999998,48.45775592311131,33
122.512,47.92132320071524,24
114.0,46.17791685292803,22
120.08,44.792132320071524,38
119.776,44.30040232454179,25
127.67999999999999,47.47429593205185,26
113.392,42.51229324988824,35
124.64,48.1001341081806,26
116.73599999999999,44.792132320071524,28
130.72,48.45775592311131,28
128.896,47.16137684398748,24
118.56,46.13321412606169,27
107.312,44.032185963343764,39
114.0,41.39472507822977,32
126.464,45.86499776486365,27
119.776,45.55207867679928,28
113.392,44.56861868573983,22
119.16799999999999,47.25078229772016,25
122.816,46.04380867232901,37
111.264,48.59186410371033,41
118.56,46.08851139919535,28
121.29599999999999,47.0719713902548,37
118.86399999999999,46.93786320965579,25
137.712,48.18953956191327,25
124.336,48.72597228430934,24
116.432,48.99418864550737,26
126.768,47.74251229324989,31
121.29599999999999,45.41797049620026,33
132.54399999999998,48.54716137684398,28
122.208,46.2673223066607,24
103.968,46.84845775592311,23
105.792,44.16629414394278,26
117.344,43.58515869468037,28
121.904,48.1001341081806,30
118.86399999999999,44.97094322753688,26
116.128,41.84175234689316,31
126.464,47.60840411265087,31
117.648,46.35672776039338,34
118.56,46.08851139919535,38
121.29599999999999,48.1001341081806,21
127.072,47.47429593205185,27
133.76,50.64818953956191,29
120.08,44.74742959320518,28
117.648,45.596781403665624,40
114.91199999999999,46.89316048278945,23
121.904,44.97094322753688,35
131.328,46.803755029056774,31
134.976,49.172999552972726,24
121.6,46.803755029056774,32
104.88,42.06526598122485,35
109.744,48.18953956191327,20
118.256,45.6861868573983,24
116.128,48.41305319624497,19
117.648,45.1050514081359,31
128.896,48.36835046937863,31
140.448,46.71434957532409,26
117.648,47.60840411265087,28
120.99199999999999,47.83191774698256,22
103.664,41.8864550737595,39
119.472,45.239159588734914,34
116.432,46.66964684845776,22
120.99199999999999,44.92624050067054,31
136.192,49.62002682163612,27
126.16,48.36835046937863,27
113.392,45.19445686186857,35
120.688,45.46267322306661,37
117.344,44.12159141707644,30
117.03999999999999,44.30040232454179,33
127.37599999999999,46.22261957979437,31
125.24799999999999,47.42959320518551,31
132.84799999999998,49.172999552972726,30
120.99199999999999,46.93786320965579,32
132.84799999999998,48.05543138131426,22
122.816,46.84845775592311,31
116.432,44.47921323200715,27
116.432,46.2673223066607,21
122.512,48.05543138131426,37
130.416,47.11667411712114,30
125.856,45.37326776933393,32
131.024,47.60840411265087,24
130.112,48.18953956191327,25
116.73599999999999,42.06526598122485,32
106.39999999999999,44.56861868573983,34
130.416,49.4859186410371,19
120.688,45.239159588734914,37
129.2,45.999105945462674,26
118.56,46.53553866785874,32
125.55199999999999,45.01564595440322,31
126.464,49.172999552972726,22
128.288,48.27894501564595,28
112.176,43.98748323647742,29
122.816,46.759052302190426,23
135.28,48.50245864997765,28
117.03999999999999,45.6861868573983,29
107.312,44.97094322753688,39
120.688,45.999105945462674,32
124.336,47.16137684398748,28
127.984,48.1001341081806,33
129.808,47.74251229324989,29
107.312,42.06526598122485,26
133.152,49.30710773357175,22
119.472,44.38980777827447,27
120.99199999999999,45.28386231560125,35
124.64,46.40143048725972,26
107.312,49.172999552972726,22
113.696,44.38980777827447,33
130.416,46.04380867232901,30
116.73599999999999,46.98256593652212,22
113.088,44.47921323200715,25
113.088,44.881537773804205,22
110.352,42.422887796155564,38
126.464,46.62494412159141,33
131.328,48.681269557443,25
130.112,48.99418864550737,22
115.216,44.032185963343764,24
120.08,46.759052302190426,30
123.42399999999999,46.58024139472508,26
116.73599999999999,45.01564595440322,34
110.048,46.71434957532409,23
125.24799999999999,46.08851139919535,28
123.42399999999999,49.62002682163612,21
117.03999999999999,44.25569959767546,31
126.16,48.1001341081806,23
113.696,46.98256593652212,22
115.52,45.41797049620026,37
115.824,46.98256593652212,25
120.99199999999999,47.0719713902548,34
110.048,45.32856504246759,28
110.352,43.674564148413054,31
120.688,45.14975413500223,33
121.904,46.446133214126064,30
135.888,49.530621367903436,28
123.728,46.803755029056774,34
111.264,43.36164506034868,35
121.29599999999999,48.1001341081806,20
122.512,47.51899865891819,19
112.48,47.42959320518551,42
117.344,47.38489047831918,31
121.6,45.37326776933393,28
112.48,47.20607957085382,27
120.08,46.89316048278945,20
103.056,44.83683504693786,39
120.99199999999999,44.56861868573983,30
117.952,45.14975413500223,29
114.0,43.76396960214573,28
118.256,45.73088958426464,24
115.52,45.239159588734914,25
121.904,45.28386231560125,34
123.728,47.2954850245865,35
121.29599999999999,45.19445686186857,31
114.608,44.032185963343764,28
129.2,47.92132320071524,32
120.384,45.999105945462674,28
118.56,43.62986142154671,30
123.728,48.54716137684398,24
111.264,44.92624050067054,38
106.096,44.74742959320518,34
121.6,46.53553866785874,38
109.136,44.70272686633884,38
127.072,47.78721502011623,24
115.824,44.74742959320518,29
126.464,48.72597228430934,37
108.832,48.36835046937863,18
109.44,42.78050961108627,33
131.024,49.08359409924005,22
127.072,47.8766204738489,25
112.78399999999999,48.41305319624497,43
122.512,47.966025927581576,23
121.6,45.41797049620026,32
124.944,45.64148413053196,26
124.032,46.17791685292803,30
137.10399999999998,50.24586499776486,28
110.352,45.50737594993294,29
111.264,45.596781403665624,27
117.344,44.792132320071524,38
126.768,47.60840411265087,32
117.03999999999999,45.01564595440322,30
120.688,47.65310683951721,37
120.08,44.70272686633884,31
115.52,46.04380867232901,33
117.344,44.0768886902101,27
122.512,46.22261957979437,34
111.264,43.54045596781404,23
138.016,49.84354045596781,25
114.304,47.16137684398748,21
134.672,48.86008046490836,33
117.648,43.36164506034868,30
130.416,46.4908359409924,34
126.464,47.2954850245865,21
117.952,46.08851139919535,37
123.42399999999999,46.13321412606169,29
122.208,46.35672776039338,25
118.256,47.02726866338847,30
118.256,45.46267322306661,31
128.288,48.54716137684398,27
125.55199999999999,47.20607957085382,31
127.072,47.2954850245865,24
120.08,47.0719713902548,29
120.99199999999999,49.75413500223513,15
140.144,49.66472954850246,25
130.416,47.51899865891819,32
117.03999999999999,47.02726866338847,27
115.824,45.6861868573983,27
111.872,44.38980777827447,28
124.032,46.759052302190426,27
126.768,48.86008046490836,32
115.52,44.12159141707644,28
122.512,46.22261957979437,31
118.86399999999999,46.759052302190426,21
113.088,42.6911041573536,27
135.28,49.21770227983907,24
111.568,45.37326776933393,41
124.336,44.792132320071524,29
124.032,49.57532409476978,25
124.944,47.966025927581576,31
117.344,45.86499776486365,24
127.984,47.20607957085382,23
118.56,45.37326776933393,31
119.16799999999999,45.999105945462674,26
120.384,46.62494412159141,22
115.52,45.1050514081359,32
115.824,44.56861868573983,36
124.64,46.66964684845776,35
117.648,48.23424228877962,27
131.632,49.35181046043809,24
119.776,46.62494412159141,34
127.67999999999999,48.99418864550737,23
127.67999999999999,46.35672776039338,32
124.032,46.58024139472508,25
122.208,45.999105945462674,31
139.84,47.42959320518551,27
124.336,46.66964684845776,30
123.42399999999999,46.31202503352704,26
109.744,47.69780956638355,22
134.672,48.681269557443,29
123.11999999999999,46.17791685292803,26
120.08,45.596781403665624,30
119.16799999999999,46.759052302190426,29
113.088,46.31202503352704,38
115.52,44.92624050067054,27
109.44,44.434510505140814,36
134.368,47.56370138578453,31
128.896,45.90970049172999,25
128.288,47.74251229324989,25
113.696,44.83683504693786,29
123.11999999999999,46.04380867232901,24
113.392,44.83683504693786,35
109.744,43.76396960214573,24
127.37599999999999,49.7094322753688,26
126.16,48.010728654447924,33
127.37599999999999,48.05543138131426,31
122.208,46.62494412159141,29
133.456,48.14483683504694,24
117.648,47.74251229324989,21
120.384,46.08851139919535,32
111.872,43.18283415288332,38
113.088,44.032185963343764,26
127.072,47.92132320071524,25
124.64,46.71434957532409,34
131.024,47.69780956638355,34
126.464,48.010728654447924,31
121.904,44.881537773804205,28
128.59199999999998,46.446133214126064,33
124.64,48.323647742512286,22
110.65599999999999,44.70272686633884,27
122.512,47.38489047831918,29
109.744,46.17791685292803,30
122.512,45.32856504246759,27
128.288,47.56370138578453,28
124.032,46.93786320965579,30
133.76,47.8766204738489,30
121.29599999999999,47.83191774698256,38
119.16799999999999,49.530621367903436,24
128.288,45.86499776486365,33
121.904,46.446133214126064,34
122.816,46.759052302190426,27
105.792,39.78542691104157,31
118.56,43.94278050961108,39
124.032,45.41797049620026,28
127.984,46.446133214126064,27
132.84799999999998,47.60840411265087,36
113.088,45.55207867679928,30
118.56,43.62986142154671,35
134.368,48.50245864997765,25
120.688,46.35672776039338,26
114.91199999999999,48.41305319624497,22
119.472,44.0768886902101,23
118.56,44.881537773804205,22
112.176,44.30040232454179,22
124.336,47.20607957085382,25
124.944,48.41305319624497,21
130.416,50.87170317389361,31
110.048,44.12159141707644,34
121.29599999999999,45.28386231560125,27
122.816,50.06705409029951,19
134.368,49.35181046043809,27
109.44,42.467590523021904,31
130.416,48.59186410371033,24
120.384,45.41797049620026,31
108.224,44.52391595887349,40
116.73599999999999,45.28386231560125,30
133.456,47.78721502011623,33
110.65599999999999,49.7094322753688,21
120.384,45.90970049172999,26
117.344,45.90970049172999,17
124.944,46.98256593652212,34
131.024,48.86008046490836,22
111.568,43.89807778274475,31
113.088,44.83683504693786,37
115.52,44.25569959767546,25
116.128,44.21099687080912,30
130.72,44.83683504693786,35
132.84799999999998,46.93786320965579,26
117.03999999999999,46.08851139919535,34
120.99199999999999,46.17791685292803,23
119.16799999999999,45.64148413053196,32
115.216,46.31202503352704,25
124.944,46.62494412159141,22
104.27199999999999,43.58515869468037,39
124.032,45.86499776486365,30
123.728,45.90970049172999,37
116.432,43.71926687527939,26
122.512,47.02726866338847,21
114.304,43.98748323647742,32
128.288,48.54716137684398,26
121.6,47.20607957085382,32
131.024,47.60840411265087,28
122.512,47.74251229324989,28
120.08,46.93786320965579,25
133.456,47.92132320071524,32
122.816,48.9047831917747,20
123.11999999999999,48.63656683057666,32
116.128,45.64148413053196,37
125.24799999999999,45.90970049172999,36
117.648,48.54716137684398,20
122.512,46.22261957979437,28
119.776,51.22932498882432,23
108.52799999999999,49.03889137237371,24
121.29599999999999,45.239159588734914,32
125.24799999999999,47.20607957085382,28
119.776,47.69780956638355,28
122.512,46.53553866785874,29
118.86399999999999,45.95440321859633,26
125.24799999999999,45.46267322306661,32
125.856,48.86008046490836,24
116.73599999999999,44.52391595887349,31
116.128,44.032185963343764,26
125.24799999999999,47.02726866338847,32
124.944,47.42959320518551,22
109.136,42.19937416182387,26
119.472,45.50737594993294,33
118.256,45.86499776486365,34
133.456,47.8766204738489,33
129.504,46.04380867232901,27
124.64,46.17791685292803,27
126.464,46.58024139472508,24
113.392,45.90970049172999,26
121.6,47.11667411712114,27
120.384,47.56370138578453,22
108.224,45.37326776933393,25
113.088,43.04872597228431,31
136.192,47.8766204738489,32
125.24799999999999,47.11667411712114,26
124.336,48.14483683504694,34
117.03999999999999,44.0768886902101,29
120.08,48.23424228877962,33
122.816,47.69780956638355,29
129.504,48.681269557443,32
131.328,48.14483683504694,26
123.728,47.47429593205185,20
130.112,47.42959320518551,25
127.984,47.69780956638355,27
126.464,47.51899865891819,25
116.73599999999999,45.82029503799732,37
108.832,43.62986142154671,26
105.488,45.46267322306661,29
122.512,45.596781403665624,31
108.832,42.869915064818954,36
121.904,44.70272686633884,28
128.896,45.64148413053196,27
136.79999999999998,49.62002682163612,22
114.91199999999999,48.45775592311131,24
117.648,46.31202503352704,30
150.48,49.35181046043809,33
111.568,43.316942333482345,33
101.232,41.8864550737595,35
126.16,46.759052302190426,29
136.496,48.14483683504694,23
126.16,46.58024139472508,28
118.56,46.31202503352704,37
115.216,45.06034868126955,35
121.904,45.46267322306661,33
129.504,48.1001341081806,28
127.984,48.05543138131426,30
126.16,49.57532409476978,24
129.504,48.770675011175676,28
121.29599999999999,48.9047831917747,24
126.16,47.83191774698256,22
115.824,45.55207867679928,33
120.08,43.80867232901207,31
121.29599999999999,45.73088958426464,34
123.11999999999999,45.596781403665624,28
124.336,47.20607957085382,32
131.936,47.02726866338847,29
129.504,47.8766204738489,26
124.032,47.38489047831918,35
128.59199999999998,48.14483683504694,23
114.91199999999999,46.04380867232901,23
111.568,44.032185963343764,25
127.072,46.53553866785874,30
123.42399999999999,46.58024139472508,30
134.064,46.62494412159141,26
121.29599999999999,46.22261957979437,38
114.608,46.40143048725972,35
119.16799999999999,45.90970049172999,34
123.42399999999999,47.34018775145284,39
127.984,48.54716137684398,22
112.48,43.45105051408136,24
125.856,46.2673223066607,30
127.984,45.37326776933393,27
123.11999999999999,45.999105945462674,35
123.11999999999999,46.803755029056774,32
122.208,45.77559231113098,28
107.92,42.6911041573536,38
124.336,45.1050514081359,29
117.648,45.95440321859633,34
131.024,48.99418864550737,21
124.64,46.98256593652212,23
132.84799999999998,48.010728654447924,32
120.08,47.25078229772016,19
137.408,49.57532409476978,32
120.688,45.28386231560125,27
120.08,45.239159588734914,26
106.704,47.25078229772016,23
111.568,43.89807778274475,38
128.288,48.59186410371033,28
118.256,44.61332141260617,23
107.616,43.94278050961108,20
117.03999999999999,45.95440321859633,26
114.608,47.2954850245865,27
123.42399999999999,46.446133214126064,37
120.99199999999999,45.28386231560125,25
115.216,45.19445686186857,35
116.73599999999999,43.00402324541797,27
127.37599999999999,47.11667411712114,22
130.112,47.65310683951721,26
124.032,46.93786320965579,31
116.73599999999999,43.76396960214573,32
120.08,44.97094322753688,30
123.11999999999999,46.17791685292803,31
127.67999999999999,45.596781403665624,31
127.67999999999999,48.18953956191327,23
127.67999999999999,47.47429593205185,30
116.128,46.62494412159141,26
119.472,45.06034868126955,31
115.216,46.58024139472508,32
119.776,46.08851139919535,31
114.304,46.53553866785874,24
128.896,45.32856504246759,29
123.42399999999999,47.2954850245865,29
113.696,45.32856504246759,33
111.872,48.18953956191327,18
122.816,44.56861868573983,32
109.44,44.792132320071524,27
134.064,48.9047831917747,31
123.728,48.81537773804202,22
127.984,45.77559231113098,24
110.65599999999999,48.54716137684398,22
118.256,43.98748323647742,33
126.16,46.98256593652212,33
114.91199999999999,46.40143048725972,30
132.84799999999998,47.78721502011623,28
131.936,48.23424228877962,24
138.016,50.24586499776486,26
127.072,48.81537773804202,25
128.59199999999998,45.6861868573983,28
121.6,44.38980777827447,27
114.608,44.97094322753688,35
110.048,47.966025927581576,47
126.16,47.20607957085382,27
132.84799999999998,49.21770227983907,22
124.64,47.92132320071524,28
123.728,45.46267322306661,34
112.48,44.65802413947251,31
116.128,46.803755029056774,23
123.728,45.32856504246759,24
124.336,47.65310683951721,26
124.336,46.58024139472508,26
110.96,48.23424228877962,23
110.65599999999999,44.032185963343764,29
118.86399999999999,48.54716137684398,34
131.024,47.47429593205185,32
131.328,50.737594993294586,31
127.37599999999999,46.35672776039338,28
113.696,44.21099687080912,33
120.384,46.58024139472508,25
118.56,44.70272686633884,28
117.03999999999999,44.21099687080912,31
124.64,47.42959320518551,22
124.64,47.47429593205185,22
113.696,45.06034868126955,29
127.67999999999999,48.14483683504694,35
124.944,47.8766204738489,32
129.2,48.36835046937863,30
108.52799999999999,44.21099687080912,28
115.216,46.2673223066607,25
126.768,47.02726866338847,26
125.24799999999999,48.94948591864104,19
123.11999999999999,48.010728654447924,22
111.264,43.674564148413054,35
113.392,44.34510505140813,29
117.344,44.792132320071524,26
124.944,46.4908359409924,24
122.512,45.32856504246759,34
118.56,45.82029503799732,26
124.032,49.08359409924005,22
110.65599999999999,44.25569959767546,31
108.52799999999999,44.47921323200715,24
130.112,48.41305319624497,39
105.184,49.35181046043809,20
120.688,51.586946803755026,17
122.208,45.46267322306661,30
126.16,46.89316048278945,31
121.29599999999999,47.8766204738489,39
124.336,49.26240500670541,41
128.288,48.72597228430934,33
122.512,47.25078229772016,26
114.0,45.14975413500223,28
123.728,47.47429593205185,27
127.37599999999999,47.51899865891819,21
114.608,44.97094322753688,26
117.648,45.73088958426464,37
128.896,47.25078229772016,23
112.78399999999999,45.55207867679928,39
122.816,44.65802413947251,30
120.384,45.999105945462674,34
114.0,42.37818506928922,34
120.08,49.93294590970049,22
119.16799999999999,45.28386231560125,35
110.352,44.47921323200715,38
118.256,44.25569959767546,31
136.79999999999998,48.59186410371033,24
134.368,46.84845775592311,29
124.944,46.04380867232901,25
122.512,47.51899865891819,27
124.64,48.27894501564595,24
132.24,47.56370138578453,25
111.264,44.032185963343764,30
112.176,46.31202503352704,23
114.608,45.19445686186857,37
111.568,42.73580688421993,40
122.208,44.70272686633884,26
128.59199999999998,48.1001341081806,33
120.99199999999999,44.47921323200715,26
123.42399999999999,46.31202503352704,33
123.728,46.446133214126064,34
118.56,48.9047831917747,23
119.16799999999999,45.32856504246759,30
107.008,41.48413053196245,32
127.67999999999999,46.4908359409924,27
105.184,42.869915064818954,27
110.352,44.16629414394278,39
120.688,45.1050514081359,27
129.2,48.05543138131426,29
122.208,48.54716137684398,21
131.936,50.91640590075995,23
124.032,46.58024139472508,26
121.904,46.71434957532409,29
112.78399999999999,48.45775592311131,40
126.16,47.42959320518551,26
119.776,45.06034868126955,29
129.808,48.681269557443,32
121.6,45.86499776486365,35
104.88,43.04872597228431,33
125.24799999999999,47.20607957085382,27
131.024,47.69780956638355,26
107.92,45.37326776933393,27
127.984,46.93786320965579,26
118.256,43.94278050961108,32
130.72,47.0719713902548,32
124.032,47.11667411712114,29
124.032,46.62494412159141,33
123.728,47.966025927581576,36
125.856,48.36835046937863,26
126.464,46.93786320965579,26
126.16,46.803755029056774,33
133.456,48.27894501564595,29
131.328,48.45775592311131,34
115.52,47.92132320071524,23
114.304,46.803755029056774,21
118.56,46.13321412606169,32
123.42399999999999,47.02726866338847,37
129.808,46.31202503352704,29
131.328,49.35181046043809,35
113.392,49.66472954850246,22
120.99199999999999,44.792132320071524,31
126.16,46.89316048278945,30
116.128,45.999105945462674,23
135.28,49.530621367903436,23
119.776,46.35672776039338,26
113.088,43.18283415288332,29
117.344,44.792132320071524,30
123.11999999999999,47.34018775145284,32
122.208,44.25569959767546,28
105.184,43.227536879749664,36
115.216,43.8533750558784,32
119.472,47.38489047831918,27
122.208,45.82029503799732,26
118.56,49.57532409476978,17
127.984,48.45775592311131,29
119.776,46.53553866785874,32
137.408,49.12829682610639,30
127.67999999999999,47.16137684398748,29
120.99199999999999,46.04380867232901,34
121.29599999999999,45.77559231113098,34
133.456,48.681269557443,31
120.08,48.59186410371033,21
117.648,46.40143048725972,23
120.688,46.31202503352704,24
120.384,47.38489047831918,24
126.464,45.999105945462674,28
128.59199999999998,46.803755029056774,23
120.384,46.04380867232901,26
130.112,46.759052302190426,30
120.688,45.64148413053196,26
102.14399999999999,41.93115780062583,37
127.072,47.56370138578453,31
120.08,45.95440321859633,24
127.67999999999999,49.08359409924005,22
125.55199999999999,47.78721502011623,25
115.52,45.77559231113098,33
106.39999999999999,43.62986142154671,29
134.064,49.888243182834145,26
112.78399999999999,43.09342869915065,36
113.088,47.65310683951721,24
136.79999999999998,46.2673223066607,29
103.36,42.28877961555654,30
113.088,48.59186410371033,20
123.11999999999999,43.40634778721502,30
122.816,45.596781403665624,33
126.16,48.27894501564595,35
127.67999999999999,47.966025927581576,24
113.088,43.40634778721502,31
116.73599999999999,45.95440321859633,23
134.064,50.15645954403219,24
121.29599999999999,48.23424228877962,20
118.56,46.98256593652212,24
127.984,47.47429593205185,32
127.072,46.4908359409924,30
127.67999999999999,47.47429593205185,26
116.73599999999999,44.52391595887349,27
122.816,48.41305319624497,30
129.504,48.36835046937863,23
115.824,46.93786320965579,34
128.288,46.84845775592311,31
108.832,46.17791685292803,26
111.264,42.467590523021904,28
124.944,51.095216808225295,28
122.512,45.999105945462674,32
116.73599999999999,44.61332141260617,33
109.744,48.05543138131426,19
121.6,47.8766204738489,34
110.65599999999999,47.02726866338847,22
131.936,49.66472954850246,29
118.56,44.52391595887349,29
137.408,49.530621367903436,28
126.464,47.65310683951721,25
121.29599999999999,48.41305319624497,20
129.808,48.36835046937863,30
128.896,48.41305319624497,33
119.776,43.76396960214573,34
128.896,47.74251229324989,32
127.984,47.02726866338847,33
116.73599999999999,44.47921323200715,28
128.896,48.94948591864104,27
114.0,46.22261957979437,34
116.432,45.19445686186857,37
126.16,46.04380867232901,27
125.856,47.42959320518551,27
125.856,47.56370138578453,29
113.696,44.52391595887349,29
129.2,46.98256593652212,33
114.608,47.966025927581576,21
122.816,46.31202503352704,22
121.6,45.64148413053196,29
111.568,43.00402324541797,32
124.64,46.98256593652212,24
125.856,45.50737594993294,27
134.976,49.26240500670541,28
121.904,47.11667411712114,19
121.6,45.82029503799732,26
113.696,44.74742959320518,38
118.256,50.15645954403219,21
122.208,46.98256593652212,30
107.008,43.13813142601698,24
114.0,45.37326776933393,36
113.392,45.73088958426464,26
128.896,47.11667411712114,32
125.55199999999999,47.65310683951721,22
107.312,42.422887796155564,30
111.872,43.80867232901207,35
126.768,46.13321412606169,31
110.352,42.78050961108627,23
133.152,50.737594993294586,27
136.496,49.26240500670541,29
124.64,47.42959320518551,26
121.904,48.23424228877962,35
130.72,46.98256593652212,27
110.352,49.84354045596781,17
125.55199999999999,46.446133214126064,31
127.67999999999999,45.01564595440322,24
119.472,46.08851139919535,32
112.78399999999999,45.55207867679928,35
132.24,46.759052302190426,27
113.392,41.79704962002682,32
107.008,49.30710773357175,19
128.288,47.02726866338847,27
111.872,48.86008046490836,46
105.792,43.98748323647742,41
112.48,46.98256593652212,29
123.42399999999999,46.4908359409924,32
110.96,43.45105051408136,30
120.08,45.73088958426464,30
124.64,46.35672776039338,28
116.73599999999999,45.77559231113098,37
123.42399999999999,48.99418864550737,37
125.856,47.25078229772016,22
111.872,43.13813142601698,33
125.24799999999999,46.93786320965579,26
108.52799999999999,44.97094322753688,22
117.03999999999999,46.98256593652212,22
125.55199999999999,47.11667411712114,28
127.37599999999999,47.16137684398748,27
124.032,46.40143048725972,24
116.73599999999999,47.60840411265087,23
99.104,41.57353598569512,39
126.768,47.11667411712114,22
118.56,46.803755029056774,25
115.824,44.61332141260617,30
109.744,42.73580688421993,29
131.024,48.99418864550737,35
126.464,48.50245864997765,32
120.688,47.8766204738489,36
133.152,47.83191774698256,28
130.416,49.172999552972726,33
125.24799999999999,47.16137684398748,27
111.264,46.17791685292803,25
126.768,49.26240500670541,37
124.64,49.977648636566826,20
120.688,43.8533750558784,29
123.11999999999999,44.70272686633884,29
116.432,45.82029503799732,25
116.128,44.34510505140813,33
121.6,47.16137684398748,23
112.176,43.36164506034868,25
121.6,46.31202503352704,27
120.688,45.6861868573983,29
115.52,46.759052302190426,27
108.52799999999999,45.32856504246759,34
120.99199999999999,45.999105945462674,22
122.512,47.47429593205185,22
130.72,45.86499776486365,29
128.896,45.19445686186857,27
113.392,45.32856504246759,30
133.456,48.27894501564595,24
114.91199999999999,47.34018775145284,36
126.464,49.75413500223513,26
108.832,47.92132320071524,20
126.464,47.34018775145284,29
109.744,44.0768886902101,35
126.464,49.21770227983907,22
124.032,45.37326776933393,34
120.384,45.06034868126955,32
125.24799999999999,46.31202503352704,30
119.776,45.73088958426464,38
115.216,44.25569959767546,34
121.29599999999999,47.56370138578453,19
129.2,47.69780956638355,34
112.78399999999999,44.47921323200715,37
121.904,45.77559231113098,29
127.67999999999999,48.99418864550737,33
117.648,45.41797049620026,25
128.288,46.66964684845776,34
117.03999999999999,46.98256593652212,22
116.73599999999999,43.8533750558784,38
113.696,45.01564595440322,26
124.944,47.11667411712114,23
117.344,45.28386231560125,31
120.688,45.28386231560125,28
121.6,45.596781403665624,34
107.312,47.56370138578453,25
109.136,44.83683504693786,34
113.696,46.13321412606169,22
116.432,47.2954850245865,42
128.896,46.58024139472508,29
128.59199999999998,50.11175681716584,29
124.336,46.4908359409924,37
126.16,46.62494412159141,28
113.696,47.38489047831918,24
116.73599999999999,43.8533750558784,24
125.55199999999999,48.63656683057666,20
116.128,46.17791685292803,23
122.816,45.73088958426464,34
136.496,50.24586499776486,29
132.54399999999998,46.89316048278945,28
111.872,43.674564148413054,33
104.576,44.032185963343764,30
109.136,46.04380867232901,39
126.464,46.31202503352704,25
115.216,44.83683504693786,31
123.728,46.66964684845776,32
122.816,47.65310683951721,27
116.128,44.12159141707644,24
107.92,46.71434957532409,21
112.48,43.98748323647742,32
113.696,46.17791685292803,36
107.312,46.71434957532409,23
124.336,46.4908359409924,28
120.99199999999999,45.14975413500223,28
113.696,44.12159141707644,26
127.072,46.89316048278945,32
114.91199999999999,43.674564148413054,24
113.392,45.596781403665624,22
123.42399999999999,45.46267322306661,28
112.78399999999999,46.58024139472508,31
111.264,44.881537773804205,24
116.128,44.12159141707644,27
115.52,46.4908359409924,26
108.52799999999999,43.316942333482345,37
129.2,48.86008046490836,23
127.072,47.38489047831918,21
117.952,46.62494412159141,32
123.728,46.17791685292803,32
126.464,47.56370138578453,22
119.776,45.77559231113098,27
117.03999999999999,45.239159588734914,27
117.648,44.47921323200715,32
120.688,45.55207867679928,32
121.29599999999999,44.56861868573983,31
138.624,49.66472954850246,31
123.42399999999999,46.66964684845776,30
131.936,46.803755029056774,25
116.73599999999999,44.70272686633884,26
124.944,48.59186410371033,36
122.816,44.21099687080912,34
121.6,47.42959320518551,26
115.216,44.65802413947251,27
109.744,43.09342869915065,29
127.072,46.89316048278945,28
126.16,48.23424228877962,20
110.048,44.92624050067054,27
123.42399999999999,45.239159588734914,27
116.73599999999999,47.42959320518551,26
112.176,41.84175234689316,34
123.11999999999999,49.44121591417076,23
115.824,46.08851139919535,38
124.64,44.97094322753688,33
117.648,44.97094322753688,27
124.336,47.20607957085382,28
125.55199999999999,46.2673223066607,28
119.16799999999999,44.881537773804205,32
116.73599999999999,45.41797049620026,28
126.464,48.770675011175676,25
124.944,47.65310683951721,35
115.52,47.69780956638355,20
109.744,49.26240500670541,22
127.37599999999999,46.71434957532409,31
123.728,46.35672776039338,27
115.216,48.1001341081806,22
128.896,47.78721502011623,30
129.504,46.31202503352704,27
123.728,43.04872597228431,40
118.86399999999999,44.34510505140813,34
120.384,44.47921323200715,25
126.16,48.18953956191327,30
112.48,46.31202503352704,30
126.464,47.11667411712114,31
119.776,45.77559231113098,31
109.744,45.64148413053196,26
118.86399999999999,44.792132320071524,28
123.728,47.0719713902548,25
130.72,48.1001341081806,28
122.512,47.0719713902548,21
122.208,44.792132320071524,33
120.99199999999999,48.54716137684398,39
128.896,46.803755029056774,25
124.032,46.40143048725972,30
107.92,45.37326776933393,42
141.35999999999999,50.737594993294586,25
121.29599999999999,46.93786320965579,33
106.704,41.97586052749218,37
109.44,41.97586052749218,30
116.432,46.2673223066607,26
128.59199999999998,46.803755029056774,26
125.55199999999999,46.93786320965579,26
112.48,45.64148413053196,24
115.52,44.65802413947251,29
132.54399999999998,48.54716137684398,26
125.856,48.36835046937863,23
111.264,44.21099687080912,26
107.616,44.38980777827447,26
130.416,47.2954850245865,25
121.6,46.803755029056774,25
114.304,47.83191774698256,21
118.56,45.64148413053196,28
123.11999999999999,46.58024139472508,33
116.432,46.31202503352704,25
127.984,46.40143048725972,28
118.256,46.62494412159141,26
128.896,48.81537773804202,30
125.55199999999999,48.9047831917747,21
124.64,48.23424228877962,35
129.808,47.56370138578453,23
137.10399999999998,48.86008046490836,32
109.136,42.28877961555654,35
114.0,43.98748323647742,24
136.496,48.63656683057666,28
115.824,44.92624050067054,32
121.29599999999999,47.78721502011623,31
135.888,49.888243182834145,21
127.984,47.69780956638355,31
122.816,46.446133214126064,33
127.37599999999999,45.32856504246759,28
128.288,47.02726866338847,33
124.032,46.53553866785874,31
125.55199999999999,48.323647742512286,41
116.73599999999999,43.36164506034868,35
122.816,45.28386231560125,34
104.27199999999999,43.62986142154671,33
117.344,46.89316048278945,32
135.888,48.18953956191327,30
124.64,49.62002682163612,33
114.0,44.032185963343764,30
124.032,47.74251229324989,27
116.73599999999999,46.446133214126064,22
118.56,45.32856504246759,25
107.616,45.86499776486365,29
120.99199999999999,46.66964684845776,34
123.728,47.83191774698256,25
123.42399999999999,46.40143048725972,27
123.42399999999999,46.2673223066607,27
123.728,48.54716137684398,30
125.55199999999999,49.172999552972726,40
117.648,45.73088958426464,32
111.872,46.446133214126064,27
114.608,45.596781403665624,25
124.032,47.47429593205185,30
115.52,44.792132320071524,36
112.48,45.6861868573983,41
117.344,46.803755029056774,36
131.328,46.98256593652212,27
109.136,47.65310683951721,23
127.072,46.66964684845776,31
116.432,44.38980777827447,34
113.088,45.32856504246759,33
110.352,44.12159141707644,34
110.048,44.38980777827447,23
124.944,45.73088958426464,32
124.64,46.66964684845776,31
117.03999999999999,47.0719713902548,43
110.65599999999999,46.35672776039338,19
125.55199999999999,47.78721502011623,27
117.648,44.61332141260617,31
128.896,48.27894501564595,32
116.73599999999999,44.56861868573983,24
108.52799999999999,43.04872597228431,35
115.216,44.12159141707644,32
126.16,46.98256593652212,30
132.84799999999998,48.010728654447924,25
110.352,42.91461779168529,31
114.608,44.74742959320518,29
125.55199999999999,47.0719713902548,28
121.904,45.86499776486365,26
124.032,48.23424228877962,25
128.896,47.78721502011623,28
114.0,49.44121591417076,20
124.64,48.010728654447924,36
115.216,43.76396960214573,30
120.688,47.78721502011623,27
129.2,46.93786320965579,28
127.984,47.51899865891819,30
118.86399999999999,46.08851139919535,26
128.896,48.72597228430934,25
127.072,46.35672776039338,26
123.728,46.62494412159141,29
108.832,44.12159141707644,35
119.472,46.84845775592311,23
117.03999999999999,47.92132320071524,21
126.464,47.42959320518551,30
114.304,46.22261957979437,27
113.696,44.70272686633884,38
125.856,48.72597228430934,30
121.6,46.98256593652212,34
108.832,45.19445686186857,34
129.504,49.172999552972726,36
115.52,49.172999552972726,23
134.976,48.50245864997765,26
108.832,46.13321412606169,43
120.99199999999999,44.434510505140814,24
116.73599999999999,47.74251229324989,36
124.64,46.4908359409924,26
110.352,43.674564148413054,26
122.512,45.86499776486365,34
112.78399999999999,43.18283415288332,38
124.336,47.20607957085382,23
107.008,41.79704962002682,27
131.024,46.04380867232901,25
117.648,47.02726866338847,30
118.56,46.84845775592311,33
126.464,47.42959320518551,28
126.464,45.95440321859633,30
121.6,45.1050514081359,25
120.99199999999999,47.2954850245865,26
117.344,47.78721502011623,25
107.92,40.63477872150201,29
129.2,47.34018775145284,29
127.67999999999999,46.98256593652212,24
121.29599999999999,48.94948591864104,25
127.67999999999999,47.42959320518551,35
127.37599999999999,47.20607957085382,27
131.632,47.78721502011623,27
138.624,49.03889137237371,31
126.768,47.966025927581576,27
116.128,42.825212337952614,28
124.944,45.14975413500223,29
110.352,41.57353598569512,33
96.672,44.25569959767546,44
121.904,48.27894501564595,21
130.416,47.69780956638355,27
122.512,46.31202503352704,23
118.86399999999999,47.20607957085382,28
118.86399999999999,45.1050514081359,22
117.344,47.92132320071524,35
122.208,45.6861868573983,29
134.976,47.51899865891819,37
124.64,46.13321412606169,32
87.55199999999999,45.86499776486365,12
137.408,49.7094322753688,24
119.472,49.66472954850246,21
128.59199999999998,48.54716137684398,24
113.696,45.95440321859633,22
119.472,46.22261957979437,36
126.464,46.31202503352704,31
107.616,43.76396960214573,34
120.384,47.16137684398748,24
131.936,46.71434957532409,26
123.11999999999999,46.2673223066607,38
117.344,45.01564595440322,38
131.024,49.35181046043809,30
121.904,46.53553866785874,30
117.03999999999999,44.52391595887349,34
111.872,46.31202503352704,35
114.91199999999999,45.239159588734914,22
132.24,50.06705409029951,23
125.856,46.53553866785874,26
134.976,48.27894501564595,30
120.99199999999999,46.22261957979437,22
127.37599999999999,47.34018775145284,28
125.24799999999999,45.999105945462674,30
126.16,45.95440321859633,27
122.816,47.38489047831918,21
116.73599999999999,44.92624050067054,28
118.86399999999999,45.28386231560125,32
108.832,43.18283415288332,30
122.816,48.63656683057666,36
120.688,44.792132320071524,27
120.08,46.446133214126064,33
115.216,47.78721502011623,41
123.42399999999999,47.16137684398748,23
110.65599999999999,45.95440321859633,43
118.56,48.27894501564595,23
125.24799999999999,45.64148413053196,27
131.024,47.2954850245865,31
127.37599999999999,46.31202503352704,31
129.504,47.02726866338847,32
120.08,46.53553866785874,28
117.03999999999999,44.21099687080912,30
133.456,49.79883772910148,34
128.288,46.446133214126064,30
120.384,45.999105945462674,34
123.728,44.032185963343764,28
130.416,47.966025927581576,34
110.96,46.58024139472508,37
126.768,46.71434957532409,26
128.288,44.83683504693786,30
104.88,44.032185963343764,39
134.976,50.20116227089852,32
128.896,46.71434957532409,33
128.288,46.93786320965579,26
129.504,48.45775592311131,25
118.86399999999999,47.74251229324989,38
119.16799999999999,41.93115780062583,29
122.512,47.34018775145284,23
126.768,47.2954850245865,30
122.816,45.95440321859633,29
126.768,46.84845775592311,32
110.96,49.93294590970049,24
130.72,48.010728654447924,27
97.88799999999999,43.54045596781404,40
120.688,47.83191774698256,37
122.512,46.66964684845776,28
117.344,46.446133214126064,21
125.24799999999999,46.84845775592311,35
116.73599999999999,44.434510505140814,31
117.648,47.20607957085382,21
110.65599999999999,44.56861868573983,27
122.816,46.22261957979437,25
124.032,45.64148413053196,26
124.64,47.16137684398748,33
111.872,47.2954850245865,39
126.464,45.86499776486365,30
119.472,44.52391595887349,29
126.768,49.26240500670541,26
119.776,45.28386231560125,25
124.032,45.1050514081359,30
117.03999999999999,47.2954850245865,21
120.08,45.41797049620026,37
126.768,49.888243182834145,22
127.67999999999999,47.34018775145284,29
127.072,46.58024139472508,26
121.6,47.34018775145284,26
124.64,46.13321412606169,26
121.904,45.90970049172999,35
115.216,46.66964684845776,41
82.384,40.902995082700045,16
129.808,45.46267322306661,27
135.584,48.14483683504694,28
123.11999999999999,48.010728654447924,30
110.048,43.76396960214573,28
127.37599999999999,48.010728654447924,31
115.216,44.70272686633884,36
118.56,45.64148413053196,25
109.744,43.76396960214573,32
119.16799999999999,46.22261957979437,28
128.288,47.34018775145284,25
118.86399999999999,43.94278050961108,32
127.67999999999999,50.82700044702727,31
109.136,46.31202503352704,25
118.56,47.56370138578453,21
129.2,46.04380867232901,26
117.648,45.37326776933393,28
124.032,46.803755029056774,30
115.52,43.80867232901207,29
106.096,42.825212337952614,38
114.304,45.86499776486365,35
124.336,46.93786320965579,24
127.984,48.27894501564595,26
120.384,46.446133214126064,33
115.216,45.77559231113098,36
117.344,45.596781403665624,24
123.42399999999999,46.4908359409924,35
126.464,46.71434957532409,24
116.128,46.58024139472508,23
109.44,42.64640143048726,35
111.264,45.50737594993294,37
108.832,44.47921323200715,34
119.472,50.96110862762628,16
109.44,42.109968708091195,30
124.64,47.65310683951721,25
116.73599999999999,46.04380867232901,23
125.856,47.25078229772016,29
118.256,43.76396960214573,28
125.856,47.8766204738489,22
130.112,48.770675011175676,29
111.264,47.25078229772016,21
110.352,45.90970049172999,23
122.208,48.770675011175676,25
109.44,48.010728654447924,38
129.808,47.69780956638355,25
127.072,46.71434957532409,31
112.48,45.46267322306661,24
110.96,43.71926687527939,29
106.096,43.40634778721502,33
112.48,45.01564595440322,35
116.432,46.759052302190426,25
118.56,49.30710773357175,25
109.744,46.04380867232901,22
123.42399999999999,45.95440321859633,29
125.24799999999999,46.759052302190426,32
125.24799999999999,48.9047831917747,25
119.16799999999999,45.596781403665624,24
125.55199999999999,46.08851139919535,27
114.304,45.86499776486365,30
132.54399999999998,48.63656683057666,31
130.112,47.34018775145284,27
127.072,50.20116227089852,27
126.16,46.35672776039338,27
138.928,48.81537773804202,26
121.6,47.65310683951721,26
122.816,44.92624050067054,28
124.032,47.0719713902548,25
117.344,44.34510505140813,27
126.464,45.28386231560125,34
114.91199999999999,43.94278050961108,38
120.688,45.19445686186857,30
128.288,48.45775592311131,30
119.776,47.47429593205185,32
115.52,44.434510505140814,33
123.728,47.60840411265087,25
125.24799999999999,45.95440321859633,24
117.648,44.52391595887349,30
114.608,45.86499776486365,33
119.776,45.28386231560125,34
115.216,44.74742959320518,35
111.264,47.2954850245865,23
119.776,48.50245864997765,42
127.37599999999999,46.84845775592311,29
124.336,45.95440321859633,34
113.696,44.16629414394278,24
111.872,43.54045596781404,38
120.688,45.06034868126955,29
128.59199999999998,46.93786320965579,31
121.6,45.19445686186857,33
135.584,48.54716137684398,28
120.08,45.01564595440322,25
118.86399999999999,46.31202503352704,41
127.072,47.65310683951721,31
119.472,45.90970049172999,32
132.24,50.06705409029951,25
116.432,44.0768886902101,38
109.744,43.80867232901207,31
106.39999999999999,43.13813142601698,39
114.608,45.01564595440322,33
124.944,47.83191774698256,28
105.792,46.35672776039338,42
131.632,47.78721502011623,27
125.55199999999999,46.58024139472508,32
119.776,46.4908359409924,28
126.768,49.4859186410371,21
113.696,46.98256593652212,38
136.496,49.79883772910148,33
117.648,42.60169870362092,31
128.59199999999998,46.08851139919535,29
127.072,48.14483683504694,33
120.99199999999999,44.83683504693786,30
122.816,47.92132320071524,39
120.384,47.02726866338847,32
124.032,45.596781403665624,32
107.92,46.2673223066607,22
112.78399999999999,47.0719713902548,42
128.288,47.60840411265087,24
129.2,48.010728654447924,30
119.472,46.2673223066607,32
123.728,47.83191774698256,26
124.032,45.73088958426464,31
125.856,46.17791685292803,29
124.336,46.84845775592311,25
117.03999999999999,45.32856504246759,32
130.416,47.966025927581576,24
116.432,45.239159588734914,27
127.984,48.27894501564595,27
107.92,50.96110862762628,19
131.936,49.44121591417076,28
125.24799999999999,47.8766204738489,31
127.67999999999999,46.58024139472508,27
106.39999999999999,45.06034868126955,23
118.86399999999999,45.1050514081359,33
111.264,45.41797049620026,24
108.224,45.82029503799732,24
121.904,49.530621367903436,25
124.64,45.73088958426464,26
133.456,48.010728654447924,27
116.432,43.89807778274475,31
104.27199999999999,41.8864550737595,29
126.16,47.8766204738489,23
129.504,47.65310683951721,36
126.768,46.35672776039338,33
121.29599999999999,47.51899865891819,29
107.312,44.92624050067054,43
133.76,49.39651318730442,35
127.984,48.23424228877962,27
108.52799999999999,46.93786320965579,44
124.032,45.41797049620026,31
135.584,49.44121591417076,25
114.0,49.44121591417076,24
130.416,48.05543138131426,25
113.696,44.881537773804205,38
113.696,43.674564148413054,31
118.56,47.16137684398748,31
120.99199999999999,46.04380867232901,23
127.37599999999999,51.27402771569066,24
115.824,47.2954850245865,28
112.48,45.46267322306661,36
117.03999999999999,47.38489047831918,34
109.44,43.316942333482345,24
124.336,45.01564595440322,29
120.08,44.47921323200715,34
108.52799999999999,46.13321412606169,34
130.416,46.98256593652212,28
114.608,45.82029503799732,39
122.208,49.08359409924005,29
109.44,44.47921323200715,39
127.67999999999999,47.0719713902548,29
112.48,44.92624050067054,25
119.776,46.08851139919535,32
126.768,46.84845775592311,31
118.86399999999999,46.803755029056774,35
110.96,44.12159141707644,23
107.92,45.14975413500223,22
125.55199999999999,47.20607957085382,21
121.904,44.74742959320518,35
124.944,46.84845775592311,32
110.352,43.36164506034868,33
116.73599999999999,44.61332141260617,33
127.67999999999999,48.010728654447924,34
123.11999999999999,46.04380867232901,28
120.688,46.35672776039338,27
130.112,49.03889137237371,24
131.024,48.99418864550737,31
115.824,46.759052302190426,24
131.024,47.78721502011623,28
110.65599999999999,48.72597228430934,23
116.128,43.36164506034868,31
109.136,45.6861868573983,25
118.86399999999999,45.41797049620026,29
116.432,43.18283415288332,31
119.16799999999999,43.674564148413054,31
122.208,47.11667411712114,23
116.128,44.21099687080912,32
108.832,44.56861868573983,31
128.896,48.18953956191327,25
125.55199999999999,46.446133214126064,28
106.704,44.0768886902101,35
123.11999999999999,47.20607957085382,21
118.256,44.30040232454179,28
121.904,46.08851139919535,35
125.24799999999999,48.41305319624497,22
120.384,46.04380867232901,35
132.84799999999998,49.35181046043809,23
124.032,45.95440321859633,30
119.16799999999999,46.4908359409924,37
125.55199999999999,47.11667411712114,26
129.504,46.62494412159141,27
118.256,46.803755029056774,24
126.768,46.803755029056774,30
115.216,47.65310683951721,25
113.088,43.13813142601698,33
136.496,48.86008046490836,26
117.03999999999999,47.83191774698256,33
130.416,48.41305319624497,30
128.59199999999998,47.0719713902548,22
114.304,45.55207867679928,29
127.072,48.41305319624497,24
111.872,45.14975413500223,28
117.952,45.90970049172999,35
124.032,46.89316048278945,27
127.37599999999999,46.35672776039338,30
118.256,47.65310683951721,30
114.0,48.99418864550737,21
121.904,45.01564595440322,30
124.944,48.54716137684398,32
134.976,50.335270451497536,25
114.608,45.32856504246759,27
124.944,48.1001341081806,20
121.29599999999999,49.12829682610639,19
127.072,47.20607957085382,30
123.42399999999999,48.010728654447924,25
117.952,48.54716137684398,38
110.65599999999999,43.98748323647742,27
118.56,44.70272686633884,25
109.44,46.4908359409924,25
128.59199999999998,45.41797049620026,35
109.744,44.0768886902101,24
123.42399999999999,45.95440321859633,33
109.44,48.50245864997765,23
121.29599999999999,46.62494412159141,35
137.408,48.1001341081806,23
127.984,46.89316048278945,33
114.304,45.41797049620026,24
129.808,47.56370138578453,33
116.73599999999999,46.08851139919535,28
124.032,46.62494412159141,24
120.384,46.84845775592311,31
112.78399999999999,45.37326776933393,25
121.904,48.05543138131426,24
119.776,47.42959320518551,26
117.03999999999999,45.90970049172999,37
113.392,46.803755029056774,37
111.872,45.596781403665624,28
129.2,48.63656683057666,26
124.944,49.03889137237371,36
121.29599999999999,48.27894501564595,31
121.6,48.681269557443,26
117.03999999999999,46.2673223066607,23
125.24799999999999,44.52391595887349,32
118.56,45.6861868573983,31
130.416,48.1001341081806,28
122.512,50.2905677246312,22
136.79999999999998,49.172999552972726,28
110.048,44.792132320071524,28
118.56,47.78721502011623,21
110.352,46.98256593652212,36
124.64,47.47429593205185,32
110.65599999999999,45.55207867679928,33
118.256,44.61332141260617,23
110.352,46.58024139472508,24
113.696,44.83683504693786,37
119.16799999999999,50.20116227089852,23
126.464,46.58024139472508,29
106.096,44.47921323200715,25
112.48,44.434510505140814,28
131.328,50.91640590075995,21
119.776,48.14483683504694,21
124.336,46.53553866785874,25
124.336,47.02726866338847,35
114.0,43.36164506034868,29
109.136,43.94278050961108,35
115.216,46.35672776039338,25
122.512,45.19445686186857,30
122.208,46.84845775592311,30
123.728,48.45775592311131,34
117.344,45.37326776933393,35
123.728,47.83191774698256,28
107.312,42.78050961108627,24
114.304,45.32856504246759,26
117.03999999999999,44.74742959320518,31
112.48,47.02726866338847,36
123.728,46.66964684845776,28
119.16799999999999,47.2954850245865,27
126.16,48.54716137684398,26
110.048,44.61332141260617,40
131.328,48.45775592311131,30
107.616,47.51899865891819,20
102.448,42.33348234242289,36
119.472,44.792132320071524,42
131.936,45.73088958426464,27
111.568,43.62986142154671,32
110.96,46.71434957532409,22
129.2,46.4908359409924,27
125.24799999999999,46.89316048278945,25
110.96,42.64640143048726,30
117.952,45.77559231113098,25
113.696,44.61332141260617,37
122.208,48.010728654447924,34
115.52,47.11667411712114,37
119.776,45.19445686186857,24
